
{
    "podcasts": {
        "Top": [
            {
			 "name": "NPR",
			 "rssurl": "http://www.npr.org/podcasts/510308/hidden-brain",
			 "siteurl": "https://www.npr.org/rss/podcast.php?id=510308"
			},
            {
			 "name": "NPR 2",
			 "rssurl": "http://www.npr.org/podcasts/510308/hidden-brain",
			 "siteurl": "https://www.npr.org/rss/podcast.php?id=510308"
			}
			
        ],
        "News": [
            {
			"name": "NPR News",
			 "rssurl": "http://www.npr.org/podcasts/510308/hidden-brain",
			 "siteurl": "https://www.npr.org/rss/podcast.php?id=510308"
			 },
            {
             "name": "CBS News",
             "rssurl": "hhttp://cbsradionewsfeed.com/rss.php?id=126&ud=12",
             "siteurl": "https://www.cbsnews.com"
			}
        ]
    }
}
